{
    "1.0.0": [
        "Added individual foam/bubble/spray whitewater counts to frame stats (issue #227)",
        "Added estimated bake time remaining under bake operator (issue #227)",
        "Added full material library",
        "Fixed assertion error during mesh generation (issue #232)",
        "Fixed addon 'AttributeError' (issue #248)",
        "Replaced baking progress percentage with frame number (issue #227)",
        "Desaturated debug grid colors (issue #227)",
        "Fixed missing/incorrect domain property names displayed in dopesheet (issue #266)",
        "Fixed bug where if library material was edited, it would not show up in the material list (issue #235)",
        "'Display console output' option in debug panel is now disabled by default",
        "All display settings are now set to 'Final' by default",
        "Whitewater 'Use Icosphere' option is now enabled by default",
        "Improved stability when exporting animated meshes",
        "Reworked how meshes are loaded and transformed (issue #209)",
        "Reduced false-positives when 'Remove particles with extreme velocities' option is enabled",
        "Removed functionality to set CPU/GPU ratio",
        "Merged 'GPU Particle Advection' and 'GPU Scalar Field' options into a single 'Enable GPU Features' option"
    ],
    "1.0.1": [
        "Added FLIP Fluids presets",
        "Added FLIP Fluids material library",
        "Added functionality to invert fluid surface normals when in contact with obstacle objects (issue #281)",
        "Fixed error where addon stats could stop being processed (issue #280)",
        "Improved stability when removing particles with extreme velocities"
    ],
    "1.0.2": [
        "Added support for OS X (experimental)",
        "Added support for Linux (experimental)",
        "Fixed bug where the addon would crash if all vertices of an Inflow or Outflow object are located outside of the domain"
    ],
    "1.0.3": [
        "Added operator to preferences menu to check for version updates (issue #314)",
        "Added support for fluid surface motion blur rendering. Feature can be enabled in the 'FLIP Fluid Surface' Panel. (issue #87)",
        "Fixed bug where editing a preset would display an error (issue #301)",
        "Fixed bug that prevented viscous fluids from sticking to obstacles",
        "Fixed bug that caused 'Out of Memory' error when an Inflow or Outflow was located outside of the domain (issue #316)",
        "Fixed bug that would cause meshes to be misaligned if world scaling was enabled (issue #315)",
        "Fixed bug that caused mesh artifacts when 'GPU Features' was disabled (issue #317)"
    ],
    "1.0.4": [
        "Added support for baking from the command line (issue #329)",
        "Added debug functionality to visualize the true domain bounds (issue #299)",
        "Added functionality to restrict viewport/render fluid display from the 'FLIP Fluid' physics button (issue #222)",
        "Added Inflow option to constrain fluid inside of the inflow object to match the inflow emission velocity. Allows inflow to work when submerged (issue #322). Allows low velocity values to have the effect of slowing down inflow emission (issue #90)",
        "Added volumetric water shader 'Water (volumetric)' created by Grant Wilk of Remington Graphics",
        "Added optimization to skip frame calculations if time step is zero-length (issue #350)",
        "Fixed bug that would require reloading a scene if an invalid cache directory was set before baking (issue #330)",
        "Addon will now display popup error message when exporting a preset package to an invalid directory (issue #320)",
        "Fixed bug where surface motion blur rendering would show a 'hard edge' of the object that was not properly blurred (issue #87)",
        "Fixed bug that would trigger an error if a deformable inflow was located outside of the domain",
        "Fixed UI issue to disable ability to insert keyframes into 'Hold Frame' option",
        "Removed 'Invert Surface-Contact Normals' option in 'FLIP Fluid Surface' settings. This option does not work as intended and is not useful.",
        "Fixed bug where whitewater particles would be killed when boundary behaviour was set to 'Ballistic' (issue #354)",
        "Fixed bug where changes to whitewater particle scale would not be reloaded in the viewport (issue #339)",
        "Fixed bug where renaming Inflow/Fluid target object in outliner would not rename object in Inflow/Fluid settings (issue #356)",
        "Improved forward/backward compatibility of .blend files between addon versions",
        "Improved performance of surface mesh generation",
        "Improved compatibility with various Linux distributions",
        "Removed GPU acceleration features. GPU methods have been entirely replaced with higher performance CPU methods.",
        "Removed 'Enable Experimental Optimization Features' option from Advanced Settings panel. These features are no longer experimental and are now fully integrated into the fluid engine."
    ],
    "1.0.5": [
        "Added feature to control amount of whitewater generated by Obstacle objects (#385)",
        "Added a surface tension solver (#388)",
        "Added sheeting effects feature",
        "Added experimental support for Blender 2.80 (#404)",
        "Added meshing options to remove parts of surface mesh near the domain boundary",
        "Added meshing options to set offset for fluid-solid mesh interface",
        "Added meshing feature to set a custom object as a meshing volume. Only fluid inside of this object will be meshed.",
        "Added option to skip re-exporting animated meshes",
        "Added settings and option to set a custom baking frame range instead of using the timeline start/end values",
        "Added a savestates feature. Ability to rollback a simulation and resimulate from an earlier frame.",
        "Added a 'Beginner Friendly Mode' that limits UI to only show the most basic and commonly used parameters",
        "Added a Basic/Advanced settings mode for Whitewater panel (issue #384)",
        "Fixed bug where using world scaling would cause incorrect distribution of generated whitewater particles (issue #373)",
        "Fixed bug that would cause holes (missing triangles) in the surface mesh (issue #372)",
        "Fixed bug that would cause missing chunks near the boundary of the surface mesh (issue #372)",
        "Fixed bug that would cause banding artifacts in the surface mesh",
        "Fixed 'ResourceWarning' error when disabling and re-enabled addon",
        "Fixed bug that would cause bumpy mesh artifacts on edges of domain (issue #380)",
        "Fixed bug where bake would continue to run after closing Blender (issue #361)",
        "Fixed bug where Blender could crash while rendering in Cycles with the viewport open (issue #403)",
        "Fixed bug where copper preset could be loaded as coffee preset",
        "Fixed 'Value must be greater or equal to zero' error that could be triggered if domain bounding box is too thin (issue #397)",
        "Fixed bug where deleted objects could be exported to the simulator (issue #405)",
        "Fixed bug where particles could escape the domain and trigger an 'Out of Range' error (issue #415)",
        "Fixed precision error what could cause fluid meshes to be scaled incorrectly (issue #414)",
        "Fixed bug where the 'Reload Frame' operator could ignore reloading a frame (issue #419)",
        "Fixed bug where the intersection between inversed obstacles would be computed as solid instead of empty",
        "Fixed issue where Blender could crash during animated mesh export (#401)",
        "Fixed Linux/MacOS bug where a simulation could stop in the middle of baking. Huge thanks to Christian Schwarz for helping us solve this issue!",
        "Setting inflow 'Substep Emissions' to 0 will cause the inflow only emit fluid on the first substep of a frame",
        "Misc material and preset library fixes",
        "Improved collisions with thin obstacles",
        "Improved support and compatibility for loading .blend files created in older FLIP Fluids versions",
        "Performance improvements",
        "Stability improvements",
        "Meshing improvements"
    ],
    "1.0.6": [
        "Added support for Blender 2.81",
        "Added operators to toolbox menu to automatically launch command line baking and rendering processes (Feature only supported on Windows)",
        "Added reminder in the addon installation/preferences menu and Physics panel to complete installation by restarting Blender",
        "Added warning about Blender 2.80 bugs to the addon installation/preferences menu and system console output",
        "Added a reminder to prevent render crashes by locking interface in Blender 2.8x to addon installation/preferences menu and system console output",
        "Added an operator to the FLIP Fluid Display Settings panel and toolshelf menu to automatically lock the interface (Blender 2.8x)",
        "Added an operator to the FLIP Fluid Display Settings panel and toolshelf menu to automatically set the render display mode to Fullscreen (Blender 2.79)",
        "Added monochromatic FLIP Fluids icon for Blender 2.8x",
        "Fixed issue that could cause frequent Blender 2.8x crashes during render, Alembic export, and rigid/cloth simulation baking (issue #403)",
        "Fixed bug where Inflow 'Substep Emissions' value could not be keyframed",
        "Fixed TypeError that could be triggered at the end of simulation baking (issue #469)",
        "Fixed bug where console output would still be displayed during mesh export when the 'Display Console Output' option was disabled",
        "Reduced amount of particle meshing artifacts on boundary of domain",
        "Addon no longer automatically deletes the FLIP Fluids cache when closing an unsaved .blend file",
        "Addon now automatically adds a smooth modifier (set to 0 iterations) to the fluid mesh objects",
        "Addon will now display an error if a user attempts to bake a simulation before completing installation"
    ],
    "1.0.7": [
        "Version 1.0.7 is fully supported in Blender 2.79 and Blender 2.81. Blender 2.80 is not fully supported due to severe bugs that affect the FLIP Fluids addon.",
        "Updated addon to use new Blender 2.81 features that improve rendering and baking stability",
        "Added a new Dust particle type to the whitewater simulator. Dust particles are generated near obstacles that are marked as dust emitters. Dust particles are advected with the fluid velocity similar to bubble particles and sink towards the ground.",
        "Added a 'Dust Emission Strength' parameter to the Obstacle properties section that controls how much whitewater dust the object will generate",
        "Added 'Spray Emission Speed' parameter to the whitewater simulator that will scale the speed of emitted spray particles. Increase to generate larger and more exaggerated spray effects.",
        "Added option to FLIP Fluid Advanced panel to disable changing topology warning for animated meshes that change topology between frames. Warning: vertex velocities will not be computed for topology changing meshes.",
        "Added option to FLIP Fluid Simulation panel to automatically set domain preview resolution based on recommendation",
        "Surface and whitewater mesh objects can now be renamed and are no longer required to be child objects of the Domain",
        "Fixed misc compile errors and warnings for Linux/MacOS",
        "Fixed bug that could cause baking crashes when using the whitewater simulator",
        "Fixed bug that could prevent whitewater foam particles from transitioning into spray particles",
        "Fixed bug that could cause whitewater particle objects not to be loaded in the viewport",
        "Fixed bug that could cause incorrect particle geometry when switching between built-in and custom particle objects",
        "Fixed bug that could leave behind stray objects in the scene when removing whitewater meshes",
        "Fixed bug that could cause errors when re-loading addon scripts",
        "Fixed bug where the 'More Bake Settings' subsection of the FLIP Fluid Simulation panel could not be set as default values",
        "Fixed bug where rendering could be disrupted if the 'Auto Load Baked Frames' feature is enabled",
        "Fixed bug that could cause grid debugging tools not to display",
        "Fixed stray debugging print outs during simulation in the Blender System Console",
        "Addon will now initialize the fluid_surface mesh object with smooth shading by default",
        "Addon will not automatically toggle Cycles visibility on inflow/outflow/fluid objects according to the objects hide render property",
        "Addon will now automatically lock the Blender interface (Blender > Render > Lock Interface) upon creation of the domain to prevent render crashes in Blender 2.8x",
        "Addon can now visualize the domain bounds independently of the domain grid in the FLIP Fluid Debug panel",
        "Removed smoothing operations from FLIP Fluid Surface panel. Amount of smoothing should be set in the fluid_surface object smooth modifier",
        "Whitewater particle object can now be set as a built-in 6 sided cube in addition to a 20 sided icosphere or a custom object",
        "Whitewater display settings section in FLIP Fluid Display panel can now be collapsed in the UI",
        "Misc tooltip improvements",
        "Misc performance improvements"
    ],
    "1.0.8": [
        "Version 1.0.8 is fully supported in Blender 2.79, 2.81, and 2.82. Blender 2.80 is not fully supported due to severe bugs that affect the FLIP Fluids addon.",
        "Updated world scaling system to include two scaling modes: Relative and Absolute",
        "Options to set Start/End timing values in FLIP Fluid simulation panel have been removed",
        "Added operators for copying command line baking/rendering commands to clipboard (Windows Only)",
        "Operator that automatically launches command line render no longer requires a FLIP Fluids Domain in the scene (Windows Only)",
        "Removed unsafe cache operators (move/copy/rename) from UI. Use your filebrowser for these operations, which is safer.",
        "Removed the Compute Chunks setting (automatic/manual) from the FLIP Fluids surface panel (no longer needed)",
        "Particle Scale will be displayed in red if the value is set to less than 1.0",
        "Gravity mode (Scene or Custom) in the FLIP Fluid World panel has been changed to a horizontal selector",
        "Removed optimization and performance settings from FLIP Fluid Advanced panel (no longer needed)",
        "Fixed: Issue where velocities could be ignored on deformable meshes",
        "Fixed: Issue where velocities of animated objects would be ignored if an inverse obstacle was present in the scene",
        "Fixed: Issue that would cause mesh geometry not to export correctly if the Hide from Viewports object option (monitor icon in outliner) is used",
        "Potential fix for 1st frame not rendering whitewater particles",
        "Fixed: Issue where edge split modifiers would not be ignored during mesh export",
        "Fixed: Incorrect default fluid_surface mesh type for OctaneRender",
        "Fixed: Issue where the fluid_surface object could become unrecoverable if deleted within the viewport",
        "Fixed: Issue where OpenGL point size for particle debugging could not be set in Blender 2.8",
        "Fixed: Issue where special filesystem characters could not be used in object name",
        "Fixed: Potential errors if simulation contained over 120 million particles",
        "Fixed: Issue where simulation data could become corrupted when running out of storage space",
        "Fixed: Incorrect frame loading when playback offset set to -1 or 1",
        "Fixed: Compositing uses the wrong cached frame during render",
        "Fixed: Potential crashes when rendering example scenes",
        "Fixed: Issue that could trigger an error during command line baking",
        "Fixed: Baking error message when switching a FLIP Fluids Domain to another simulation type",
        "Fixed: Issue that could cause a baking crash if an obstacle object was located entirely outside of the domain",
        "See our FLIP Fluids Weekly Development notes #10 for a detailed changelog (flipfluids.com/blog)"
    ],
    "1.0.9": [
        "FLIP Fluids version 1.0.9 is our biggest update yet! This version includes a large new force field feature set as well as many other features, tweaks, and workflow improvements. Thank you to all of the testers who helped us develop this new version!",
        "Compatibility notes older .blend files:",
        "    FLIP Fluids 1.0.9 is fully compatible with .blend files and caches created in 1.0.8, however some settings have been replaced and updated. If opening an older .blend file, you may want to check the following settings and adjust if necessary:",
        "    Check that the Surface/Whitewater display modes in the FLIP Fluid Display Settings panel are correct.",
        "    If using a Fluid/Inflow object with velocity set to a target object, check that the Velocity Mode is correct.",
        "Changes to default behavior:",
        "    Default value change: Update Settings on Resume in FLIP Fluid Simulation panel is now enabled by default.",
        "    Default value change: Surface Subdivision in FLIP Fluid Surface panel is now set to 1 by default. Tip: set to 0 (low quality) for quicker iteration when prototying a simulation.",
        "Added 4 new force field modes:",
        "    Point Force - A force field that attracts fluid towards a single point.",
        "    Surface Force - A force field that attracts fluid towards the surface of a mesh.",
        "    Volume Force - A force field that attracts fluid into the volume of a mesh.",
        "        Can be used similarly to Blender's older Fluid Control feature that was removed since Blender 2.82.",
        "    Curve Guide Force - A force field that attracts towards or along a curve, or to spin around a curve.",
        "    More force field modes are in development! Try our experimental versions here.",
        "Added 7 new example scenes to showcase the FLIP Fluids force field feature set, including detailed notes about the simulation setup and settings (Blender 2.82+, 2.9+ only).",
        "Added force field debug visualizer to FLIP Fluid Debug panel.",
        "Added Force Field Resolution option to FLIP Fluid World panel.",
        "Added a README.html file to the Blender Market product downloads that contains info and links for how to get started with the addon.",
        "Added a Grid Info section to the FLIP Fluids Simulation panel to display info about the simulation grid including tooltips to help explain the simulation grid.",
        "Added feature to upscale a simulation to an increased resolution on resuming the bake.",
        "Added functionality for Inflow/Fluid objects to emit fluid in the direction of the object's local axis.",
        "Added functionality to Skip Re-Export of static and keyframed meshes in addition to skipping animated meshes.",
        "Added Force Re-Export On Next Bake feature for FLIP Fluid simulation objects.",
        "Added expanded functionality for skipping/forcing mesh data to be exported in Settings and Mesh Export.",
        "Added functionality to link exported geometry data from another cache directory in FLIP Fluid Cache panel.",
        "Added exponent precision editing for viscosit and surface tension values.",
        "Added preferences option to rename the FLIP Fluids toolshelf panel name.",
        "Added preferences option to display links to relevant documentation in the UI.",
        "Added UI reminder to display if the preferences Beginner Friendly Mode is activated.",
        "Added functionality for Enable Stable Rendering operator to also undo this operation (Blender 2.8+ only).",
        "Added prompt/warning to Domain UI to warn that the .blend file has not been saved. Includes operator to open the save file menu.",
        "Added feature and organized FLIP Fluids Helper Menu panels:",
        "    Added domain bake and cache operators to the FLIP Fluids Helper menu.",
        "    Added Create Domain operator to FLIP Fluids Helper Menu to generate a domain depending on the context of what type of objects are selected and in your scene.",
        "    Added operators to FLIP Fluids Helper Menu to select all simulation objects of a certain type (Obstacle/Fluid/Inflow/Outflow/ForceField).",
        "    Added operators to FLIP Fluids Helper Menu to help organize your simulation objects in the Blender Outliner.",
        "    Added Override Frame settings to FLIP Fluids Helper Menu that works similar to the setting of the same name in Blender's Alembic Cache modifier.",
        "Updated for compatibility with latest version of OctaneRender.",
        "Updated addon packaging, distribution, and testing process to be automated to reduce issues related to human-error.",
        "Updated Blender Market product downloads naming conventions to use more consistent naming format that includes the date that the file was last updated.",
        "Removed Rigid/Deformable mesh option for Inflow object. The simulator will now automatically detect whether the object is rigid or deformable.",
        "Removed Preserve Foam options from FLIP Fluid Whitewater UI. These settings were not working as expected and are no longer needed.",
        "Fixed: potential compatibility issues on MacOS systems.",
        "Fixed: bug where command line tools would not be displayed for MacOS/Linux operating systems.",
        "Fixed: issue where rectangle artifacts could appear in the fluid surface preview mesh (issue #491).",
        "Fixed: bug in Blender versions 2.9+ where toggling a FLIP object's render visibility would not update the object visibility in the viewport rendered display.",
        "Fixed: error during export that could be triggered by exporting an Empty type object as a fluid/inflow target.",
        "Fixed: issue where Empty type objects could be exported to incorrect locations within the simulator.",
        "Fixed: issue where the simulation mesh could be loaded into the viewport during animated object export, causing a very slow export process.",
        "Fixed: bug that could cause a crash if viscosity feature was enabled while simulating small amounts of fluid.",
        "Fixed: bug that could cause a crash if a object contained all vertices outside of the domain.",
        "Fixed: issue where changing particle size in the FLIP Fluid Debug particle debugging tool would not affect the draw size.",
        "Fixed: issue that was causing inflow object to require too much memory.",
        "Fixed: issue where Strawberry Splash example scene was not compatible with newer versions of Blender.",
        "Fixed: bug where a rare divide-by-zero error could cause the simulation to collapse in on itself.",
        "Fixed: issue where a mesh containing a zero-area triangle could cause a crash.",
        "Fixed: issue where an Attribute Error could be displayed when selecting the Domain object.",
        "Fixed: possible FLIP Fluid Stats alignment issue when selecting a frame that was outside of the cache range.",
        "Fixed: issue where FLIP Fluid Stats panel could display out-of-date info after a cache reset.",
        "Fixed: issue where FLIP Fluid toolshelf menu was missing operator to select the whitewater dust object.",
        "Fixed: Fixed potential crash issues that could be triggered when using Blender's Undo (Ctrl+Z) after creating a domain.",
        "Fixed: bug where FLIP Fluid Simulation panel would not be drawn in the case that the user has run out of drive space during the previous simulation.",
        "General performance improvement of 10% - 15% for medium to large simulations.",
        "Improved speed and flexibility of geometry export system.",
        "Improved accuracy of surface tension calculations to improve stability (prevent blow-ups).",
        "Improved multithreaded performance of adding new fluid particles into simulation domain.",
        "Improved performance in grid initialization.",
        "Improved performance in handling FLIP Fluid Obstacle objects.",
        "Miscellaneous UI tweaks, usability, stability, reliability improvements."
    ]
}